{"stats":{"minecraft:picked_up":{"minecraft:rotten_flesh":1,"minecraft:spruce_sapling":1,"minecraft:spruce_log":6,"minecraft:snowball":18},"minecraft:used":{"minecraft:wooden_sword":27,"minecraft:wooden_pickaxe":2,"minecraft:spruce_sapling":1,"minecraft:snowball":18,"minecraft:rotten_flesh":1},"minecraft:killed":{"minecraft:zombie":2},"minecraft:custom":{"minecraft:time_since_rest":1948,"minecraft:crouch_one_cm":237,"minecraft:play_time":7559,"minecraft:sprint_one_cm":7612,"minecraft:deaths":1,"minecraft:damage_taken":386,"minecraft:walk_one_cm":32351,"minecraft:sneak_time":30,"minecraft:mob_kills":2,"minecraft:jump":76,"minecraft:damage_dealt":537,"minecraft:time_since_death":1905,"minecraft:total_world_time":7559,"minecraft:fly_one_cm":9253,"minecraft:interact_with_crafting_table":2,"minecraft:fall_one_cm":1579},"minecraft:killed_by":{"minecraft:zombie":1},"minecraft:crafted":{"minecraft:wooden_sword":1,"minecraft:spruce_planks":24,"minecraft:stick":4,"minecraft:wooden_pickaxe":1},"minecraft:mined":{"gravestone:gravestone":1,"minecraft:large_fern":2,"minecraft:dirt":1,"minecraft:spruce_leaves":1,"minecraft:spruce_log":5,"minecraft:fern":1}},"DataVersion":3465}