{"stats":{"minecraft:killed":{"minecraft:spider":3,"minecraft:skeleton":1,"minecraft:chicken":13,"minecraft:pig":9,"minecraft:salmon":17,"minecraft:creeper":1,"minecraft:squid":1,"minecraft:sheep":3,"minecraft:zombie":10,"minecraft:cow":3},"minecraft:used":{"minecraft:stone_sword":150,"minecraft:iron_shovel":269,"minecraft:stone_shovel":135,"minecraft:chest":1,"minecraft:shield":28,"minecraft:wooden_shovel":32,"minecraft:cooked_salmon":3,"minecraft:torch":1,"minecraft:dirt":662,"minecraft:spruce_fence":1,"minecraft:wooden_axe":56,"minecraft:birch_sapling":1,"minecraft:bow":25,"minecraft:furnace":3,"minecraft:egg":1,"minecraft:cooked_beef":3,"minecraft:wheat_seeds":5,"minecraft:cooked_mutton":4,"minecraft:water_bucket":3,"minecraft:stone_pickaxe":134,"minecraft:oak_planks":25,"minecraft:mossy_cobblestone":1,"minecraft:sand":3,"minecraft:crafting_table":4,"minecraft:oak_log":2,"minecraft:apple":1,"minecraft:melon_slice":31,"minecraft:string":1,"minecraft:stone_axe":165,"minecraft:wooden_sword":17,"minecraft:cobblestone":2,"minecraft:bucket":3,"minecraft:dandelion":6},"minecraft:custom":{"minecraft:mob_kills":63,"minecraft:interact_with_crafting_table":10,"minecraft:time_since_death":75007,"minecraft:climb_one_cm":8855,"minecraft:sprint_one_cm":113668,"minecraft:walk_one_cm":528262,"minecraft:damage_blocked_by_shield":1020,"minecraft:drop":65,"minecraft:talked_to_villager":2,"minecraft:play_time":143592,"minecraft:sneak_time":934,"minecraft:deaths":3,"minecraft:walk_under_water_one_cm":30945,"minecraft:jump":1768,"minecraft:walk_on_water_one_cm":29281,"minecraft:total_world_time":143592,"minecraft:interact_with_furnace":16,"minecraft:sleep_in_bed":2,"minecraft:time_since_rest":30601,"minecraft:damage_taken":2170,"minecraft:damage_dealt":5663,"minecraft:fly_one_cm":131453,"minecraft:open_chest":19,"minecraft:crouch_one_cm":774,"minecraft:fall_one_cm":38973},"minecraft:crafted":{"minecraft:wooden_sword":1,"minecraft:oak_planks":128,"minecraft:stone_shovel":1,"minecraft:leather_boots":1,"minecraft:glass":82,"minecraft:bow":1,"minecraft:chest":1,"minecraft:wooden_shovel":3,"minecraft:crafting_table":2,"minecraft:cooked_salmon":15,"minecraft:jungle_planks":56,"minecraft:stick":36,"minecraft:wooden_axe":1},"minecraft:mined":{"minecraft:dark_oak_planks":1,"minecraft:spruce_planks":3,"minecraft:mossy_cobblestone":1,"minecraft:jungle_leaves":1,"minecraft:mangrove_roots":3,"minecraft:grass_block":292,"minecraft:spruce_fence":1,"minecraft:jungle_log":20,"minecraft:redstone_wire":6,"minecraft:sandstone":6,"minecraft:tall_seagrass":4,"minecraft:magma_block":10,"minecraft:furnace":4,"minecraft:peony":6,"minecraft:dirt_path":2,"minecraft:vine":8,"minecraft:bamboo":4,"minecraft:stone":40,"minecraft:brown_mushroom":3,"minecraft:dandelion":6,"minecraft:crafting_table":5,"minecraft:poppy":10,"minecraft:melon":16,"minecraft:chest":2,"minecraft:copper_ore":6,"minecraft:cobblestone":1,"minecraft:oak_planks":8,"minecraft:sugar_cane":7,"minecraft:birch_log":2,"minecraft:spruce_log":1,"minecraft:birch_leaves":4,"minecraft:grass":79,"minecraft:coal_ore":40,"minecraft:oak_log":20,"minecraft:cocoa":12,"minecraft:sand":77,"minecraft:gravel":8,"minecraft:dirt":111,"minecraft:tripwire_hook":1,"minecraft:dispenser":2,"minecraft:oak_leaves":15,"minecraft:fern":13},"minecraft:killed_by":{"minecraft:skeleton":1,"minecraft:zombie":2},"minecraft:broken":{"minecraft:iron_shovel":1,"minecraft:stone_sword":1,"minecraft:stone_pickaxe":1,"minecraft:stone_axe":1,"minecraft:wooden_axe":1,"minecraft:stone_shovel":1},"minecraft:picked_up":{"minecraft:wooden_axe":2,"minecraft:cocoa_beans":99,"minecraft:crafting_table":5,"minecraft:chicken":12,"minecraft:suspicious_stew":2,"minecraft:lead":5,"minecraft:brown_mushroom":9,"minecraft:shield":2,"minecraft:string":5,"minecraft:moss_carpet":1,"minecraft:raw_copper":63,"minecraft:iron_shovel":1,"minecraft:spruce_planks":3,"minecraft:beef":5,"minecraft:jungle_sapling":7,"minecraft:poppy":30,"minecraft:melon_slice":146,"minecraft:sugar_cane":27,"minecraft:chest":2,"minecraft:birch_sapling":3,"minecraft:egg":7,"minecraft:furnace":4,"minecraft:stick":17,"minecraft:sandstone":6,"minecraft:torch":10,"minecraft:spruce_fence":1,"minecraft:porkchop":10,"minecraft:redstone":6,"minecraft:stone_sword":3,"minecraft:arrow":68,"minecraft:stone_shovel":2,"minecraft:rotten_flesh":6,"minecraft:peony":3,"minecraft:mangrove_roots":3,"minecraft:mutton":8,"minecraft:white_wool":1,"minecraft:cobblestone":226,"minecraft:birch_log":6,"minecraft:magma_block":30,"minecraft:feather":32,"minecraft:cooked_beef":28,"minecraft:salmon":15,"minecraft:tripwire_hook":1,"minecraft:water_bucket":3,"minecraft:jungle_log":20,"minecraft:leather":4,"minecraft:oak_log":38,"minecraft:gunpowder":2,"minecraft:dirt":900,"minecraft:cooked_mutton":8,"minecraft:leather_boots":2,"minecraft:bone":20,"minecraft:apple":2,"minecraft:bow":2,"minecraft:wheat_seeds":71,"minecraft:cooked_chicken":10,"minecraft:stone_pickaxe":3,"minecraft:bamboo":75,"minecraft:oak_planks":12,"minecraft:cooked_porkchop":5,"minecraft:dandelion":6,"minecraft:gravel":24,"minecraft:sand":189,"minecraft:ink_sac":1,"minecraft:spider_eye":2,"minecraft:mossy_cobblestone":1,"minecraft:dispenser":6,"minecraft:stone_axe":2,"minecraft:bone_meal":2,"minecraft:gray_wool":3,"minecraft:emerald":2,"minecraft:oak_sapling":3,"minecraft:black_wool":3,"minecraft:coal":124},"minecraft:dropped":{"minecraft:iron_ingot":5,"minecraft:porkchop":8,"minecraft:wheat_seeds":40,"minecraft:cooked_beef":10,"minecraft:crafting_table":3,"minecraft:cobblestone":55,"minecraft:lead":3,"minecraft:jungle_planks":15,"minecraft:coal":66,"minecraft:stick":10,"minecraft:torch":9,"minecraft:mutton":8,"minecraft:melon_slice":83,"minecraft:bone_meal":2,"minecraft:string":1,"minecraft:tripwire_hook":1,"minecraft:gold_ingot":7,"minecraft:furnace":2,"minecraft:moss_carpet":1,"minecraft:sugar_cane":9,"minecraft:mangrove_roots":3,"minecraft:cooked_chicken":10,"minecraft:chicken":11,"minecraft:rotten_flesh":2,"minecraft:oak_planks":68,"minecraft:suspicious_stew":2,"minecraft:chest":2,"minecraft:wooden_shovel":3,"minecraft:spider_eye":2,"minecraft:beef":5,"minecraft:black_wool":1}},"DataVersion":3465}