{"stats":{"minecraft:picked_up":{"minecraft:crafting_table":1,"minecraft:spruce_sapling":1,"minecraft:spruce_log":7,"minecraft:dirt":8},"minecraft:used":{"minecraft:dirt":5,"minecraft:crafting_table":1,"minecraft:spruce_sapling":1},"minecraft:custom":{"minecraft:time_since_rest":9445,"minecraft:crouch_one_cm":882,"minecraft:play_time":9445,"minecraft:sprint_one_cm":2725,"minecraft:damage_taken":181,"minecraft:walk_one_cm":14716,"minecraft:sneak_time":606,"minecraft:jump":43,"minecraft:damage_dealt":59,"minecraft:time_since_death":9445,"minecraft:total_world_time":9445,"minecraft:fall_one_cm":1031,"minecraft:interact_with_crafting_table":3,"minecraft:fly_one_cm":3766},"minecraft:crafted":{"minecraft:crafting_table":1,"minecraft:spruce_planks":28,"minecraft:stick":4,"minecraft:wooden_pickaxe":1},"minecraft:mined":{"minecraft:grass_block":3,"minecraft:dirt":4,"minecraft:spruce_leaves":5,"minecraft:spruce_log":7,"minecraft:crafting_table":1}},"DataVersion":3465}