{"stats":{"minecraft:killed_by":{"minecraft:creeper":2,"minecraft:zombie":1},"minecraft:broken":{"minecraft:iron_shovel":1,"minecraft:wooden_shovel":2,"minecraft:stone_sword":1,"minecraft:golden_shovel":1,"minecraft:wooden_hoe":1,"minecraft:stone_shovel":4},"minecraft:used":{"minecraft:oak_fence":2,"minecraft:peony":1,"minecraft:stone_sword":142,"minecraft:iron_shovel":251,"minecraft:stone_shovel":644,"minecraft:chest":3,"minecraft:shield":27,"minecraft:wooden_shovel":89,"minecraft:cooked_chicken":4,"minecraft:torch":34,"minecraft:dirt":398,"minecraft:jungle_planks":16,"minecraft:golden_shovel":33,"minecraft:tripwire_hook":2,"minecraft:oak_sapling":1,"minecraft:furnace":8,"minecraft:wheat_seeds":51,"minecraft:cooked_mutton":2,"minecraft:water_bucket":14,"minecraft:birch_planks":14,"minecraft:stone_pickaxe":45,"minecraft:oak_planks":51,"minecraft:wooden_pickaxe":41,"minecraft:sandstone":6,"minecraft:sugar_cane":18,"minecraft:sand":25,"minecraft:crafting_table":9,"minecraft:spider_eye":1,"minecraft:white_bed":2,"minecraft:oak_log":7,"minecraft:wooden_hoe":94,"minecraft:melon_slice":48,"minecraft:leather_helmet":1,"minecraft:gravel":1,"minecraft:stone_axe":103,"minecraft:cobblestone":12,"minecraft:cooked_porkchop":15,"minecraft:bucket":16,"minecraft:oak_boat":4},"minecraft:mined":{"minecraft:jungle_leaves":10,"minecraft:grass_block":754,"minecraft:jungle_planks":1,"minecraft:furnace":5,"minecraft:iron_ore":2,"minecraft:peony":12,"minecraft:vine":1,"minecraft:dirt_path":1,"minecraft:stone":65,"minecraft:oak_fence":1,"minecraft:crafting_table":6,"minecraft:torch":1,"minecraft:melon":1,"minecraft:chest":1,"minecraft:tall_grass":4,"minecraft:cobblestone":3,"minecraft:sugar_cane":6,"minecraft:oak_planks":7,"minecraft:wall_torch":1,"minecraft:birch_log":29,"minecraft:birch_leaves":1,"minecraft:grass":198,"minecraft:oak_log":31,"minecraft:coal_ore":11,"minecraft:cocoa":1,"minecraft:gravel":1,"minecraft:sand":6,"minecraft:dirt":299,"minecraft:oak_leaves":1,"minecraft:fern":1},"minecraft:crafted":{"minecraft:oak_planks":48,"minecraft:stone_shovel":5,"minecraft:cooked_chicken":12,"minecraft:furnace":2,"minecraft:cooked_mutton":16,"minecraft:stone_pickaxe":3,"minecraft:oak_fence":3,"minecraft:cooked_beef":13,"minecraft:cooked_porkchop":20,"minecraft:crafting_table":2,"minecraft:spruce_planks":4,"minecraft:jungle_boat":1,"minecraft:wooden_pickaxe":1,"minecraft:baked_potato":4,"minecraft:leather_helmet":1,"minecraft:golden_shovel":1,"minecraft:bucket":2,"minecraft:birch_planks":20,"minecraft:stone_axe":3,"minecraft:air":0,"minecraft:jungle_planks":24,"minecraft:oak_boat":1,"minecraft:wooden_hoe":2,"minecraft:shield":3,"minecraft:stick":28,"minecraft:iron_ingot":2,"minecraft:stone_sword":2,"minecraft:iron_shovel":2,"minecraft:white_bed":2,"minecraft:torch":32},"minecraft:custom":{"minecraft:mob_kills":63,"minecraft:interact_with_crafting_table":37,"minecraft:leave_game":1,"minecraft:time_since_death":57423,"minecraft:climb_one_cm":7109,"minecraft:sprint_one_cm":255068,"minecraft:walk_one_cm":442005,"minecraft:damage_blocked_by_shield":1660,"minecraft:drop":82,"minecraft:talked_to_villager":1,"minecraft:play_time":144216,"minecraft:sneak_time":9345,"minecraft:deaths":3,"minecraft:walk_under_water_one_cm":8901,"minecraft:boat_one_cm":35014,"minecraft:jump":2248,"minecraft:walk_on_water_one_cm":24078,"minecraft:total_world_time":144216,"minecraft:interact_with_furnace":42,"minecraft:sleep_in_bed":2,"minecraft:time_since_rest":32722,"minecraft:damage_taken":3260,"minecraft:damage_dealt":10131,"minecraft:swim_one_cm":13710,"minecraft:fly_one_cm":416173,"minecraft:open_chest":42,"minecraft:crouch_one_cm":33163,"minecraft:fall_one_cm":46071},"minecraft:picked_up":{"minecraft:cocoa_beans":3,"minecraft:crafting_table":14,"minecraft:chicken":28,"minecraft:suspicious_stew":3,"minecraft:lead":12,"minecraft:shield":3,"minecraft:string":4,"minecraft:spruce_planks":10,"minecraft:beef":31,"minecraft:oak_boat":3,"minecraft:jungle_sapling":3,"minecraft:wooden_shovel":3,"minecraft:melon_slice":54,"minecraft:sugar_cane":18,"minecraft:chest":7,"minecraft:furnace":13,"minecraft:stick":27,"minecraft:raw_iron":2,"minecraft:sandstone":6,"minecraft:oak_fence":2,"minecraft:torch":24,"minecraft:porkchop":41,"minecraft:stone_sword":3,"minecraft:arrow":32,"minecraft:rotten_flesh":51,"minecraft:peony":52,"minecraft:gold_ingot":28,"minecraft:mutton":32,"minecraft:white_wool":24,"minecraft:cobblestone":72,"minecraft:birch_log":32,"minecraft:magma_block":1,"minecraft:jungle_boat":2,"minecraft:feather":14,"minecraft:cooked_beef":10,"minecraft:salmon":1,"minecraft:tripwire_hook":2,"minecraft:water_bucket":4,"minecraft:jungle_log":6,"minecraft:leather":14,"minecraft:potato":10,"minecraft:birch_planks":12,"minecraft:oak_log":115,"minecraft:gunpowder":1,"minecraft:dirt":1124,"minecraft:cooked_mutton":8,"minecraft:bone":26,"minecraft:bow":1,"minecraft:wheat_seeds":59,"minecraft:iron_ingot":13,"minecraft:stone_pickaxe":3,"minecraft:cooked_chicken":23,"minecraft:bamboo":2,"minecraft:oak_planks":127,"minecraft:cooked_porkchop":16,"minecraft:gravel":2,"minecraft:sand":302,"minecraft:jungle_planks":88,"minecraft:spruce_log":2,"minecraft:spider_eye":5,"minecraft:leather_helmet":1,"minecraft:stone_axe":3,"minecraft:emerald":4,"minecraft:baked_potato":6,"minecraft:oak_sapling":3,"minecraft:black_wool":2,"minecraft:coal":234},"minecraft:dropped":{"minecraft:water_bucket":2,"minecraft:wheat_seeds":5,"minecraft:cooked_beef":18,"minecraft:oak_fence":2,"minecraft:feather":12,"minecraft:cobblestone":1,"minecraft:lead":1,"minecraft:leather":1,"minecraft:coal":15,"minecraft:emerald":2,"minecraft:dirt":367,"minecraft:melon_slice":3,"minecraft:jungle_sapling":2,"minecraft:iron_shovel":1,"minecraft:gravel":1,"minecraft:stone_axe":2,"minecraft:stone_sword":1,"minecraft:cocoa_beans":3,"minecraft:cooked_mutton":10,"minecraft:suspicious_stew":3,"minecraft:shield":2,"minecraft:gunpowder":1,"minecraft:spruce_planks":1,"minecraft:leather_boots":1,"minecraft:oak_sapling":2,"minecraft:spider_eye":2,"minecraft:bamboo":2,"minecraft:wooden_pickaxe":1,"minecraft:stone_pickaxe":2,"minecraft:bow":1,"minecraft:arrow":18,"minecraft:black_wool":1},"minecraft:killed":{"minecraft:spider":4,"minecraft:skeleton":14,"minecraft:chicken":4,"minecraft:pig":4,"minecraft:creeper":1,"minecraft:sheep":7,"minecraft:trader_llama":2,"minecraft:zombie":22,"minecraft:enderman":1,"minecraft:cow":4}},"DataVersion":3465}