{"stats":{"minecraft:picked_up":{"minecraft:spruce_log":11,"minecraft:dirt":9},"minecraft:used":{"minecraft:dirt":8,"minecraft:crafting_table":1},"minecraft:custom":{"minecraft:time_since_rest":6536,"minecraft:crouch_one_cm":2871,"minecraft:play_time":6536,"minecraft:sprint_one_cm":2448,"minecraft:damage_taken":25,"minecraft:walk_one_cm":10267,"minecraft:sneak_time":706,"minecraft:jump":13,"minecraft:damage_dealt":26,"minecraft:leave_game":1,"minecraft:time_since_death":6536,"minecraft:total_world_time":6536,"minecraft:fly_one_cm":886,"minecraft:interact_with_crafting_table":2,"minecraft:fall_one_cm":209},"minecraft:crafted":{"minecraft:crafting_table":1,"minecraft:spruce_planks":44,"minecraft:stick":4,"minecraft:wooden_pickaxe":1},"minecraft:mined":{"minecraft:large_fern":2,"minecraft:grass_block":8,"minecraft:dirt":1,"minecraft:spruce_leaves":1,"minecraft:spruce_log":12,"minecraft:fern":1}},"DataVersion":3465}